address,original
"4511 3RD STREET SE, WASHINGTON, DC 20032",4511 3RD STREET SE
"26 5HT STREET NE, WASHINGTON, DC 20002",26 5TH STREET NE
"436 RIDGE TREET NW, WASHINGTON, DC 20001",436 RIDGE STREET NW
"608 ONEDDA STREE NE, WASHINGTON, DC 20011",608 ONEIDA STREET NE
"407 MISSOURI AVNUE NW, WASHINGTON, DC 20011",407 MISSOURI AVENUE NW
"3121 24TH STRET SE, WASHINGTON, DC 20020",3121 24TH STREET SE
"5223 NEW HAMPSHIR E AVENUE NWR, WASHINGTON, DC 20011",5223 NEW HAMPSHIRE AVENUE NW
"1038 BARNABY TERRACE SE, WASHINGTON, DC 20032",1038 BARNABY TERRACE SE
"633 1T0H STLEET NE, WASHINGTON, DC 20002",633 10TH STREET NE
"1616 K8 STREET NE, WASHINGTON, DC 20002",1616 K STREET NE
"1347 TAKLBERT TERRACE YE, WASHINGTON, DC 20020",1347 TALBERT TERRACE SE
"5529 NEBRASKA AVENUEQ N, WASHINGTON, DC 20015",5529 NEBRASKA AVENUE NW
"1104 CNUGRESS STREET SE, WASHINGTON, DC 20032",1104 CONGRESS STREET SE
"1917 P S5TREE TSE, WASHINGTON, DC 20020",1917 P STREET SE
"4906 B MS4REET SE, WASHINGTON, DC 20019",4906 B STREET SE
"1832 VALLEY TERRACE AE, WASHINGTON, DC 20032",1832 VALLEY TERRACE SE
"1412 STAPLES STEETNE, WASHINGTON, DC 20002",1412 STAPLES STREET NE
"5629 8TH STREET ENW, WASHINGTON, DC 20011",5629 8TH STREET NW
"638 5TH STREDETNE, WASHINGTON, DC 20002",638 5TH STREET NE
"105 56THSTREET NSE, WASHINGTON, DC 20019",105 56TH STREET SE
"3650 CAMEDNNSTREET SE, WASHINGTON, DC 20020",3650 CAMDEN STREET SE
"713 F8RRAEGUT PLACE NE, WASHINGTON, DC 20017",713 FARRAGUT PLACE NE
"1174 MORSE STREET, WASHINGTON, DC 20002",1174 MORSE STREET NE
"1521 1ST STREET, WASHINGTON, DC 20024",1521 1ST STREET SW
"3343 CLAY PLCAE NE, WASHINGTON, DC 20019",3343 CLAY PLACE NE
